"SHIPPING_ID","POST_CODE","CARRIER"
"SH10016","SE6 3BD","FedEx"
"SH10017","CH4 0RR","Evri"
"SH10018","OL12 6AL","UPS"
"SH10019","DD9 7DB","Evri"
"SH10020","BN18 0TS","FedEx"
"SH10021","GL20 5FH","DHL"
"SH10022","OX26 6EP","DHL"
"SH10023","NE34 7LT","DHL"
"SH10024","LL16 4RL","Evri"
"SH10025","SO23 7FD","Royal Mail"
"SH10026","SE5 7RN","DHL"
"SH10027","BT38 8YN","Evri"
"SH10028","CH8 9AY","Evri"
"SH10029","TN24 0LF","DHL"
"SH10030","E17 6RH","Evri"
"SH10031","M20 5QX","Evri"
"SH10032","IV36 1LF","Royal Mail"
"SH10033","SO14 6BB","FedEx"
"SH10034","CF82 7HY","Evri"
"SH10035","HP23 5QP","Royal Mail"
"SH10036","LS8 3AW","UPS"
"SH10037","RM13 8SA","UPS"
"SH10038","CV6 7GQ","DHL"
"SH10039","DN1 1LD","FedEx"
"SH10040","SA45 9RJ","Royal Mail"
"SH10041","KW14 8XW","Evri"
"SH10042","SS5 5DQ","FedEx"
"SH10043","B62 2QJ","FedEx"
"SH10044","E3 3BY","DHL"
"SH10045","SW1W 8LT","DHL"
"SH10046","SR6 9QH","Evri"
"SH10047","SY13 2AF","Evri"
"SH10048","S6 5LG","Evri"
"SH10049","WC1X 8TA","FedEx"
"SH10050","EH45 8PY","DHL"
"SH10051","LL26 0UE","UPS"
"SH10052","B98 0PY","Evri"
"SH10053","TA11 7LL","DHL"
"SH10054","HD8 0RG","DHL"
"SH10055","NP18 1QF","Evri"
"SH10056","HU16 5SR","FedEx"
"SH10057","DE65 6ES","Royal Mail"
"SH10058","PE4 6RW","UPS"
"SH10059","WN2 3JQ","FedEx"
"SH10060","CV10 9NB","DHL"
"SH10061","KY6 3DL","FedEx"
"SH10062","AL10 8UP","UPS"
"SH10063","GU35 0NN","Royal Mail"
"SH10064","PL3 4SG","Royal Mail"
"SH10065","NP23 4RT","FedEx"
"SH10066","LL69 9YH","UPS"
"SH10067","G83 9JH","DHL"
"SH10068","SN3 4XH","DHL"
"SH10069","EH53 0GY","Royal Mail"
"SH10070","NR27 0ET","DHL"
"SH10071","DN6 0LW","FedEx"
"SH10072","LE10 0SB","Royal Mail"
"SH10073","LU7 2XX","FedEx"
"SH10074","DH9 0LN","FedEx"
"SH10075","HG4 3NX","Evri"
"SH10076","NN2 1NL","Evri"
"SH10077","TS18 5JN","UPS"
"SH10078","M8 0DF","FedEx"
"SH10079","L39 1QW","FedEx"
"SH10080","W1U 2DH","FedEx"
"SH10081","MK18 1ND","UPS"
"SH10082","SM7 1QG","FedEx"
"SH10083","NG7 5QD","FedEx"
"SH10084","ST21 6RZ","UPS"
"SH10085","SE9 6SX","UPS"
"SH10086","WV16 4BL","FedEx"
"SH10087","DY6 9SL","DHL"
"SH10088","SW1P 2LN","Evri"
"SH10089","SA9 1UT","Royal Mail"
"SH10090","NP23 6HF","FedEx"
"SH10091","DN22 7HN","Royal Mail"
"SH10092","IP13 0JN","Royal Mail"
"SH10093","DH6 3LB","Royal Mail"
"SH10094","ST3 6DR","DHL"
"SH10095","DA15 7JE","Royal Mail"
"SH10096","RM7 8AL","Royal Mail"
"SH10097","L35 3PJ","DHL"
"SH10098","NN17 5XP","DHL"
"SH10099","CV35 7UF","UPS"
"SH10100","PR9 9ES","Evri"
"SH10101","SO24 0PP","DHL"
"SH10102","BT9 6RE","FedEx"
"SH10103","EX4 6TL","UPS"
"SH10104","YO30 1BQ","Evri"
"SH10105","CM16 6HN","Evri"
"SH10106","BB10 2QL","Evri"
"SH10107","WN7 5LH","Evri"
"SH10108","TS3 8EH","Evri"
"SH10109","NR16 1PZ","DHL"
"SH10110","CA12 5JU","Royal Mail"
"SH10111","DE14 9LT","Evri"
"SH10112","BT6 8PX","UPS"
"SH10113","M19 3LF","Royal Mail"
"SH10114","EC1M 5QL","FedEx"
"SH10115","CA25 5PB","Evri"
"SH10116","OL6 9BH","Royal Mail"
"SH10117","S12 4RE","UPS"
"SH10118","PE29 7DT","FedEx"
"SH10119","GU1 2TG","DHL"
"SH10120","TN39 4JH","Evri"
"SH10121","CO5 7JD","DHL"
"SH10122","GU8 5DR","FedEx"
"SH10123","SA17 5RR","Royal Mail"
"SH10124","TR16 6QB","FedEx"
"SH10125","S71 1EE","FedEx"
"SH10126","BT69 6AT","DHL"
"SH10127","LE13 1JY","UPS"
"SH10128","CM1 2QX","FedEx"
"SH10129","W12 7PX","UPS"
"SH10130","PO19 9TB","Royal Mail"
"SH10131","RH19 3SU","UPS"
"SH10132","BS16 7LL","Royal Mail"
"SH10133","EH7 4GX","DHL"
"SH10134","OL6 7QR","Royal Mail"
"SH10135","RH10 7AN","DHL"
"SH10136","RG26 5JD","Evri"
"SH10137","KA7 4FB","Royal Mail"
"SH10138","RH1 5PX","DHL"
"SH10139","B29 7LG","DHL"
"SH10140","M20 3FA","FedEx"
"SH10141","EX14 9PW","FedEx"
"SH10142","KT13 0AQ","DHL"
"SH10143","M30 7DP","FedEx"
"SH10144","DG1 3HR","DHL"
"SH10145","DN16 2TH","Royal Mail"
"SH10146","BB1 9HG","UPS"
"SH10147","NR29 5EU","UPS"
"SH10148","LS19 7QH","Evri"
"SH10149","BD19 6LH","UPS"
"SH10150","E1 0BW","DHL"
"SH10151","SY5 6PS","Royal Mail"
"SH10152","SO21 2EB","FedEx"
"SH10153","M6 7JX","UPS"
"SH10154","BN24 5PA","Evri"
"SH10155","LL55 1YP","Evri"
"SH10156","ST5 2QP","Evri"
"SH10157","E17 5PD","DHL"
"SH10158","CA23 3AQ","Royal Mail"
"SH10159","LL11 0NQ","Royal Mail"
"SH10160","CW6 0DQ","FedEx"
"SH10161","SR6 9TW","DHL"
"SH10162","BS21 7DZ","Royal Mail"
"SH10163","BS37 6RS","UPS"
"SH10164","PO16 7RL","UPS"
"SH10165","SA8 3EP","Evri"
"SH10166","SK13 1NG","FedEx"
"SH10167","SA61 2BA","UPS"
"SH10168","CA1 3TQ","Evri"
"SH10169","RH7 6QP","FedEx"
"SH10170","NR10 5JD","FedEx"
"SH10171","N7 6AS","DHL"
"SH10172","TW8 8JG","UPS"
"SH10173","PO16 8QP","Royal Mail"
"SH10174","YO10 5EG","DHL"
"SH10175","IP31 3NF","FedEx"
"SH10176","PO14 1NT","Evri"
"SH10177","SY17 5DX","DHL"
"SH10178","BB2 4EZ","Royal Mail"
"SH10179","PE25 3BN","FedEx"
"SH10180","NR2 4BE","DHL"
"SH10181","WF4 6DP","Evri"
"SH10182","S6 5BH","DHL"
"SH10183","PR8 4HN","Evri"
"SH10184","BT12 5NF","UPS"
"SH10185","BN2 4DH","DHL"
"SH10186","B13 0HX","UPS"
"SH10187","BH23 8JU","UPS"
"SH10188","N15 3JP","Royal Mail"
"SH10189","TQ9 6JH","Evri"
"SH10190","SE9 5JF","UPS"
"SH10191","EX2 8QA","UPS"
"SH10192","NN29 7RG","Evri"
"SH10193","PO37 7BT","DHL"
"SH10194","CF37 5RZ","UPS"
"SH10195","PE19 1TJ","Evri"
"SH10196","N13 5GN","UPS"
"SH10197","RG25 2LR","DHL"
"SH10198","BT42 2HU","DHL"
"SH10199","LL12 8PR","Royal Mail"
"SH10200","TA12 6JX","DHL"
"SH10201","NE29 7QL","FedEx"
"SH10202","SY16 4NT","UPS"
"SH10203","ML4 2BF","DHL"
"SH10204","BT12 4SQ","Evri"
"SH10205","HU15 2FN","Royal Mail"
"SH10206","NW10 8SB","Royal Mail"
"SH10207","UB6 7ET","UPS"
"SH10208","DN22 6SL","UPS"
"SH10209","LL52 0ER","Evri"
"SH10210","W1K 4DZ","DHL"
"SH10211","SA1 7LE","DHL"
"SH10212","LE11 3UZ","UPS"
"SH10213","EH21 6DX","FedEx"
"SH10214","NG10 3PN","UPS"
"SH10215","BD23 5NU","Royal Mail"
"SH10216","LU7 3PH","DHL"
"SH10217","S80 3GB","Evri"
"SH10218","GL18 1AQ","FedEx"
"SH10219","M40 5NJ","DHL"
"SH10220","LU4 0EB","UPS"
"SH10221","EN9 1TZ","Royal Mail"
"SH10222","G46 6HB","Royal Mail"
"SH10223","GU32 3QY","DHL"
"SH10224","CT14 6QG","FedEx"
"SH10225","OL1 9SX","DHL"
"SH10226","PL9 9NR","UPS"
"SH10227","BA14 0RZ","Evri"
"SH10228","BR5 3DR","DHL"
"SH10229","B91 2JY","Evri"
"SH10230","SE9 5SA","Evri"
"SH10231","N18 2NE","FedEx"
"SH10232","WF3 3JW","Evri"
"SH10233","SN4 7PU","DHL"
"SH10234","SG8 6NR","UPS"
"SH10235","WR10 2NS","UPS"
"SH10236","G45 0EX","FedEx"
"SH10237","DE56 1LN","FedEx"
"SH10238","TR14 9JS","Royal Mail"
"SH10239","YO25 9EA","DHL"
"SH10240","LS25 5NP","Evri"
"SH10241","BN27 3HA","Evri"
"SH10242","DL11 6QJ","DHL"
"SH10243","BS16 7NW","UPS"
"SH10244","SW1X 7AB","Royal Mail"
"SH10245","SE18 1SZ","Royal Mail"
"SH10246","BS16 1SW","Royal Mail"
"SH10247","S75 2PR","Royal Mail"
"SH10248","PL12 5HJ","DHL"
"SH10249","BD3 0BW","Royal Mail"
"SH10250","IP17 2QX","Evri"
"SH10251","L25 6ER","Evri"
"SH10252","LU6 2DN","FedEx"
"SH10253","WF2 9EW","Royal Mail"
"SH10254","DT4 9DD","UPS"
"SH10255","G66 3BB","DHL"
"SH10256","SA8 3AE","Evri"
"SH10257","LS27 9LT","Evri"
"SH10258","N16 6DB","FedEx"
"SH10259","CV2 2DB","UPS"
"SH10260","BA3 3DQ","UPS"
"SH10261","IV36 1AH","Royal Mail"
"SH10262","GU19 5JW","DHL"
"SH10263","NR21 7RG","DHL"
"SH10264","N4 3RZ","FedEx"
"SH10265","BT38 7RR","Evri"
"SH10266","B21 9NT","DHL"
"SH10267","RG1 4SJ","Royal Mail"
"SH10268","G72 9RT","Royal Mail"
"SH10269","WA7 1AQ","Evri"
"SH10270","LN6 7PG","DHL"
"SH10271","NW1 3RP","Evri"
"SH10272","FK2 0UY","FedEx"
"SH10273","CW12 2DB","Evri"
"SH10274","SP8 4RJ","UPS"
"SH10275","BS5 0QR","Evri"
"SH10276","DY1 2AQ","Royal Mail"
"SH10277","LS15 4JX","FedEx"
"SH10278","KT10 0BF","DHL"
"SH10279","IP13 8HL","Evri"
"SH10280","G46 8DQ","Evri"
"SH10281","M60 0AA","FedEx"
"SH10282","PO14 2EG","DHL"
"SH10283","RH5 6AW","DHL"
"SH10284","RG41 5DL","DHL"
"SH10285","NW11 9PU","FedEx"
"SH10286","BT45 5AA","FedEx"
"SH10287","WS15 1RD","UPS"
"SH10288","SO19 6ES","DHL"
"SH10289","DL3 0JY","Evri"
"SH10290","IP14 3PE","DHL"
"SH10291","DG5 4BE","Royal Mail"
"SH10292","OX27 8TQ","FedEx"
"SH10293","TN24 0EY","Evri"
"SH10294","LL29 7BF","UPS"
"SH10295","EH32 0AQ","Evri"
"SH10296","W1U 1QA","Royal Mail"
"SH10297","HA8 9HR","Evri"
"SH10298","SG2 9SU","FedEx"
"SH10299","NG34 7XB","Royal Mail"
"SH10300","SG6 4JL","Evri"
"SH10301","SW20 0QJ","DHL"
"SH10302","RH1 5JD","FedEx"
"SH10303","BD4 6NS","DHL"
"SH10304","NR24 2DN","DHL"
"SH10305","AB51 5DP","FedEx"
"SH10306","BS11 0UN","DHL"
"SH10307","SG12 0DY","UPS"
"SH10308","CW2 8EY","FedEx"
"SH10309","DD9 6HD","DHL"
"SH10310","KT18 7QX","FedEx"
"SH10311","PR7 6NH","UPS"
"SH10312","LL53 5HE","DHL"
"SH10313","LE12 9HQ","Royal Mail"
"SH10314","DE45 1PE","Royal Mail"
"SH10315","SN6 8RL","UPS"
"SH10316","WF1 4JP","Evri"
"SH10317","EX36 3FX","UPS"
"SH10318","KA1 5JB","FedEx"
"SH10319","TA18 7EL","Evri"
"SH10320","EH54 9BH","FedEx"
"SH10321","NW6 4QN","Evri"
"SH10322","S61 2QY","FedEx"
"SH10323","EX11 1RB","DHL"
"SH10324","W7 3QU","DHL"
"SH10325","PL14 5BB","DHL"
"SH10326","OX3 9TA","FedEx"
"SH10327","GL54 2QF","DHL"
"SH10328","LL65 4RN","DHL"
"SH10329","SL1 6AS","UPS"
"SH10330","IM99 5TD","UPS"
"SH10331","HX6 2US","UPS"
"SH10332","IV4 7AR","Royal Mail"
"SH10333","BN21 4QT","DHL"
"SH10334","SO32 2US","UPS"
"SH10335","TR11 5SF","FedEx"
"SH10336","HR2 7JX","Royal Mail"
"SH10337","WR11 4SP","Royal Mail"
"SH10338","OX11 8HA","FedEx"
"SH10339","M14 4PA","Royal Mail"
"SH10340","WA8 3DX","FedEx"
"SH10341","NG14 6QL","Evri"
"SH10342","AB42 5HH","UPS"
"SH10343","AB51 0RR","Royal Mail"
"SH10344","BD19 4RP","DHL"
"SH10345","ML9 3JQ","FedEx"
"SH10346","G33 3AX","UPS"
"SH10347","G64 2DZ","UPS"
"SH10348","YO42 4JD","FedEx"
"SH10349","AB43 8SB","FedEx"
"SH10350","TS8 9PD","FedEx"
"SH10351","TR15 3UN","UPS"
"SH10352","KA3 1SU","Evri"
"SH10353","DE55 4LL","Royal Mail"
"SH10354","SN38 3SN","Royal Mail"
"SH10355","PO4 8PG","UPS"
"SH10356","EX2 8LR","Evri"
"SH10357","KT15 1UZ","Evri"
"SH10358","BT36 4LA","Evri"
"SH10359","TR18 5EG","Royal Mail"
"SH10360","AL4 9AL","Evri"
"SH10361","LA3 2LQ","Royal Mail"
"SH10362","CV2 2TB","UPS"
"SH10363","B97 6SJ","DHL"
"SH10364","GL3 4JA","FedEx"
"SH10365","LD8 2NU","Royal Mail"
"SH10366","PL23 1HQ","FedEx"
"SH10367","IP13 0HS","Evri"
"SH10368","ST3 7DW","DHL"
"SH10369","CM14 4NY","Royal Mail"
"SH10370","DE24 0AE","DHL"
"SH10371","CO2 9NR","Royal Mail"
"SH10372","WF5 0PR","UPS"
"SH10373","EX2 6HP","UPS"
"SH10374","LA3 2QS","UPS"
"SH10375","L36 4HF","Evri"
"SH10376","LE3 1QL","Evri"
"SH10377","WD24 4RU","Royal Mail"
"SH10378","BT49 0QT","FedEx"
"SH10379","B74 2RG","FedEx"
"SH10380","LL14 1NG","Evri"
"SH10381","YO43 4EB","UPS"
"SH10382","EX4 4HE","FedEx"
"SH10383","BA2 5AL","Evri"
"SH10384","SW10 9QW","Evri"
"SH10385","L33 5XB","Evri"
"SH10386","SE3 0TX","Royal Mail"
"SH10387","BT1 2BG","Evri"
"SH10388","G1 4HR","Evri"
"SH10389","BT35 0BG","Royal Mail"
"SH10390","TW13 5PA","Evri"
"SH10391","CF37 9EG","Royal Mail"
"SH10392","NP20 4JQ","Royal Mail"
"SH10393","G4 0TS","UPS"
"SH10394","LD1 5PW","Evri"
"SH10395","BT71 6SX","FedEx"
"SH10396","UB6 7BA","DHL"
"SH10397","BN2 4HL","Evri"
"SH10398","GU15 1AA","DHL"
"SH10399","B17 9TS","FedEx"
"SH10400","BT32 5BF","DHL"
"SH10401","SA18 3HW","Royal Mail"
"SH10402","OX15 5FD","FedEx"
"SH10403","W1K 2QN","Evri"
"SH10404","BT47 2NP","UPS"
"SH10405","PL12 4QJ","Royal Mail"
"SH10406","W4 4NP","UPS"
"SH10407","ML6 7RT","DHL"
"SH10408","NR11 6LJ","UPS"
"SH10409","TS17 5BJ","DHL"
"SH10410","SW10 9AT","UPS"
"SH10411","EC4M 7BU","FedEx"
"SH10412","BS15 4AB","UPS"
"SH10413","WA4 6HS","FedEx"
"SH10414","RG22 6LY","UPS"
"SH10415","LL65 2NY","FedEx"
"SH10416","BA2 4HJ","FedEx"
"SH10417","AB51 5LU","Evri"
"SH10418","CV2 5HW","Evri"
"SH10419","NE31 2GH","Royal Mail"
"SH10420","TN13 3SL","Evri"
"SH10421","RG24 7HG","DHL"
"SH10422","TF1 5SJ","FedEx"
"SH10423","CV34 5DT","DHL"
"SH10424","IP12 2TQ","Royal Mail"
"SH10425","PE7 8JL","DHL"
"SH10426","W1F 9UY","Evri"
"SH10427","TQ4 7NT","FedEx"
"SH10428","DE3 9AR","Royal Mail"
"SH10429","CM22 7QJ","DHL"
"SH10430","DN31 2ND","Evri"
"SH10431","ME10 2NZ","DHL"
"SH10432","G14 9XG","DHL"
"SH10433","WS14 0AX","Royal Mail"
"SH10434","BS1 5LR","Royal Mail"
"SH10435","SA44 4SL","FedEx"
"SH10436","HR1 3TE","DHL"
"SH10437","SO22 5TL","Evri"
"SH10438","S71 3AD","Evri"
"SH10439","MK5 8AU","Evri"
"SH10440","G61 3PJ","DHL"
"SH10441","NE11 9XA","DHL"
"SH10442","GU5 0PX","UPS"
"SH10443","HR6 9BB","Royal Mail"
"SH10444","RG17 0AG","DHL"
"SH10445","CA6 5RJ","Royal Mail"
"SH10446","GY2 4UU","FedEx"
"SH10447","HX7 6BU","DHL"
"SH10448","TW16 7LH","Evri"
"SH10449","BD21 1EL","FedEx"
"SH10450","BT32 4HN","FedEx"
"SH10451","SY7 9LN","DHL"
"SH10452","PL4 7LN","UPS"
"SH10453","AB12 3DP","Evri"
"SH10454","PL9 8DY","UPS"
"SH10455","RG23 7LE","Royal Mail"
"SH10456","IM2 4HF","Royal Mail"
"SH10457","IG3 8XD","Royal Mail"
"SH10458","SG19 2RQ","UPS"
"SH10459","WF9 4EF","UPS"
"SH10460","PE25 2RD","Royal Mail"
"SH10461","YO8 8BA","Evri"
"SH10462","WA6 0TZ","FedEx"
"SH10463","IP18 6BJ","UPS"
"SH10464","CB24 3AW","UPS"
"SH10465","SG4 0LF","Royal Mail"
"SH10466","M40 3WX","Royal Mail"
"SH10467","BD9 4SU","Royal Mail"
"SH10468","RG2 7NQ","Royal Mail"
"SH10469","S43 1HU","UPS"
"SH10470","DD7 6GP","Royal Mail"
"SH10471","BH7 6BG","Royal Mail"
"SH10472","EH6 4RZ","Evri"
"SH10473","NR6 7LF","DHL"
"SH10474","BB4 8HW","Evri"
"SH10475","WV3 8JW","UPS"
"SH10476","WR4 9TD","DHL"
"SH10477","RM13 7UJ","Royal Mail"
"SH10478","NG8 4HQ","UPS"
"SH10479","BS15 4JX","DHL"
"SH10480","SG18 9AW","UPS"
"SH10481","CH5 1DU","Royal Mail"
"SH10482","RH19 2RX","FedEx"
"SH10483","PE21 0LN","DHL"
"SH10484","NE66 3SG","FedEx"
"SH10485","WS14 9RL","FedEx"
"SH10486","BT47 2TY","UPS"
"SH10487","KT15 1DG","DHL"
"SH10488","PE13 3DX","FedEx"
"SH10489","HX3 8WX","Evri"
"SH10490","MK3 6DA","Evri"
"SH10491","NR18 0FX","DHL"
"SH10492","SY3 7HF","Royal Mail"
"SH10493","GL2 4EZ","Evri"
"SH10494","NR32 2BL","UPS"
"SH10495","TS15 9JW","DHL"
"SH10496","BS48 2NF","Evri"
"SH10497","RH1 4LH","UPS"
"SH10498","BB8 7JF","FedEx"
"SH10499","PH1 5HW","DHL"
"SH10500","PL19 0JL","Evri"
"SH10501","RG24 8AD","Royal Mail"
"SH10502","YO31 0QP","Royal Mail"
"SH10503","CV13 0EW","Evri"
"SH10504","DE21 5AL","Royal Mail"
"SH10505","BT92 9BJ","DHL"
"SH10506","RM5 2UB","Evri"
"SH10507","B63 2LA","FedEx"
"SH10508","SW13 9RX","DHL"
"SH10509","FK10 2RH","UPS"
"SH10510","PO2 8JJ","Evri"
"SH10511","NW10 1NL","DHL"
"SH10512","TA2 6DX","DHL"
"SH10513","GL3 3NQ","Evri"
"SH10514","NR1 2JL","Royal Mail"
"SH10515","LE17 5JH","UPS"
"SH10516","NG2 1RT","Royal Mail"
"SH10517","CF24 2NX","UPS"
"SH10518","MK45 2SY","FedEx"
"SH10519","ST16 1FD","UPS"
"SH10520","S11 7AL","Royal Mail"
"SH10521","EH15 3ES","Evri"
"SH10522","HA7 2HA","DHL"
"SH10523","G3 7AL","FedEx"
"SH10524","AB41 8HY","Evri"
"SH10525","ST15 8SH","Royal Mail"
"SH10526","HG3 2XA","DHL"
"SH10527","N22 7SA","DHL"
"SH10528","JE3 7ZB","Royal Mail"
"SH10529","L36 0YF","Evri"
"SH10530","DY5 4UA","Royal Mail"
"SH10531","AL8 6SG","Evri"
"SH10532","CB10 2BQ","Evri"
"SH10533","SP10 3AL","UPS"
"SH10534","CW1 4DF","FedEx"
"SH10535","NG2 6PW","FedEx"
"SH10536","BB9 0WD","UPS"
"SH10537","AB10 7ES","UPS"
"SH10538","NR10 3QX","UPS"
"SH10539","IV30 1AL","Royal Mail"
"SH10540","TS17 8NE","Evri"
"SH10541","HR4 0EW","UPS"
"SH10542","TS6 0HZ","FedEx"
"SH10543","SR6 7BS","FedEx"
"SH10544","G22 6EU","FedEx"
"SH10545","KY15 7LF","UPS"
"SH10546","CF42 6PY","Royal Mail"
"SH10547","OX3 9LR","DHL"
"SH10548","PE9 1JQ","FedEx"
"SH10549","CW12 4UW","DHL"
"SH10550","DD10 8EN","FedEx"
"SH10551","G53 7QP","DHL"
"SH10552","BH22 8QZ","Royal Mail"
"SH10553","ME8 8FJ","UPS"
"SH10554","B90 1HS","Evri"
"SH10555","SK13 1PW","UPS"
"SH10556","AB15 8LU","Royal Mail"
"SH10557","N13 4TB","DHL"
"SH10558","BB5 6DD","UPS"
"SH10559","KY14 7DJ","Evri"
"SH10560","DN10 4SD","Royal Mail"
"SH10561","L31 3DL","Evri"
"SH10562","HP3 0FX","FedEx"
"SH10563","BD10 8LL","Royal Mail"
"SH10564","SL4 6EU","UPS"
"SH10565","NN6 7AZ","FedEx"
"SH10566","BT19 1RT","Royal Mail"
"SH10567","SS12 9QJ","Royal Mail"
"SH10568","HA5 4ST","Royal Mail"
"SH10569","PR8 4BJ","FedEx"
"SH10570","G82 4PW","DHL"
"SH10571","B5 6QN","FedEx"
"SH10572","CO6 2LZ","Evri"
"SH10573","NN2 7QE","FedEx"
"SH10574","NP20 6LL","Royal Mail"
"SH10575","DY3 2BT","UPS"
"SH10576","TN17 3BH","UPS"
"SH10577","RH4 9HJ","FedEx"
"SH10578","CR0 1UJ","DHL"
"SH10579","WS2 7AQ","DHL"
"SH10580","AL8 7AW","Royal Mail"
"SH10581","LL28 4RZ","UPS"
"SH10582","HU1 2SR","UPS"
"SH10583","WV1 2PF","DHL"
"SH10584","IP17 1RJ","Evri"
"SH10585","TA9 3BY","UPS"
"SH10586","NN10 6DZ","Evri"
"SH10587","BS32 4FN","FedEx"
"SH10588","HU9 3UT","DHL"
"SH10589","RG14 1GB","DHL"
"SH10590","LL17 0EQ","Royal Mail"
"SH10591","WR12 7EA","Evri"
"SH10592","PL19 8BQ","DHL"
"SH10593","BH23 4UB","Evri"
"SH10594","UB4 9DW","UPS"
"SH10595","S21 1AT","Evri"
"SH10596","CA17 4BH","FedEx"
"SH10597","S40 3SL","Royal Mail"
"SH10598","SK8 3SJ","DHL"
"SH10599","BB1 6HA","Evri"
"SH10600","BT8 8PP","Evri"
"SH10601","SG6 9TD","FedEx"
"SH10602","TN31 7HA","Evri"
"SH10603","BT28 3YE","Evri"
"SH10604","SL7 2LH","DHL"
"SH10605","PR8 1HT","Royal Mail"
"SH10606","BS39 7NZ","Royal Mail"
"SH10607","CB24 9HZ","UPS"
"SH10608","M34 5FJ","Royal Mail"
"SH10609","B9 5SR","DHL"
"SH10610","HG3 3TX","DHL"
"SH10611","PO36 8AY","Evri"
"SH10612","FY4 4DD","DHL"
"SH10613","PO38 3NN","Royal Mail"
"SH10614","EN8 7HZ","Evri"
"SH10615","W1W 7LA","Royal Mail"
"SH10616","TA1 5DP","Royal Mail"
"SH10617","SL7 3HU","Royal Mail"
"SH10618","TF10 7QT","UPS"
"SH10619","B79 8RD","Evri"
"SH10620","PO8 0AQ","UPS"
"SH10621","SE8 4QB","DHL"
"SH10622","CM4 0JB","UPS"
"SH10623","B8 1BT","FedEx"
"SH10624","CV11 9PG","Evri"
"SH10625","IV7 8DQ","Royal Mail"
"SH10626","BT78 9BT","DHL"
"SH10627","EX12 2RG","Evri"
"SH10628","HG2 0JN","UPS"
"SH10629","NE66 1AR","FedEx"
"SH10630","EX16 8NH","Evri"
"SH10631","SO16 6AN","FedEx"
"SH10632","NG3 5BB","Evri"
"SH10633","TA20 1BN","FedEx"
"SH10634","BS15 1DX","Royal Mail"
"SH10635","WA8 0PE","Royal Mail"
"SH10636","PR8 6BE","DHL"
"SH10637","PL17 7NR","FedEx"
"SH10638","NR32 2DY","UPS"
"SH10639","HD1 6JH","Evri"
"SH10640","NP18 2ET","Royal Mail"
"SH10641","BN16 4GJ","UPS"
"SH10642","DA8 9EW","UPS"
"SH10643","S81 7NL","UPS"
"SH10644","CV6 7HN","DHL"
"SH10645","G76 0DT","FedEx"
"SH10646","SO18 4SJ","Evri"
"SH10647","SA12 7HP","FedEx"
"SH10648","PA19 1JJ","Evri"
"SH10649","BN25 2PY","Royal Mail"
"SH10650","B31 4DD","FedEx"
"SH10651","GL6 7JS","Royal Mail"
"SH10652","BT76 0AR","Evri"
"SH10653","S18 2HJ","UPS"
"SH10654","CM16 6JS","FedEx"
"SH10655","LS16 5NB","Royal Mail"
"SH10656","RH12 2RD","DHL"
"SH10657","TW19 5DH","Evri"
"SH10658","TQ13 8AS","Royal Mail"
"SH10659","IP14 5DF","Evri"
"SH10660","JE4 5WY","Evri"
"SH10661","SE7 7ET","Royal Mail"
"SH10662","HP9 2YX","UPS"
"SH10663","SA11 2AU","Evri"
"SH10664","CA1 2JE","Royal Mail"
"SH10665","KT2 6JF","UPS"
"SH10666","TS20 2TD","Evri"
"SH10667","TW5 0SB","UPS"
"SH10668","PL30 5HN","Evri"
"SH10669","BS35 2DS","UPS"
"SH10670","WA16 6SE","FedEx"
"SH10671","YO62 5AL","DHL"
"SH10672","SE25 6NU","UPS"
"SH10673","HP17 8PB","UPS"
"SH10674","GU34 5PR","UPS"
"SH10675","M18 7NW","Evri"
"SH10676","AL2 1JY","Evri"
"SH10677","LA4 4ER","Royal Mail"
"SH10678","DG11 1BG","FedEx"
"SH10679","WA4 2RN","Royal Mail"
"SH10680","BR5 4EQ","DHL"
"SH10681","HR2 6GG","UPS"
"SH10682","HA0 4HQ","FedEx"
"SH10683","SY2 6FA","Royal Mail"
"SH10684","M33 4AL","UPS"
"SH10685","LS2 7UA","UPS"
"SH10686","LA14 3EU","UPS"
"SH10687","TS1 1RP","DHL"
"SH10688","EH23 4XJ","Royal Mail"
"SH10689","BN14 7HH","FedEx"
"SH10690","CH1 4JJ","DHL"
"SH10691","NE41 8EN","DHL"
"SH10692","TR11 5DE","UPS"
"SH10693","DD4 9JQ","FedEx"
"SH10694","CF64 9GR","Royal Mail"
"SH10695","SE26 5SG","DHL"
"SH10696","PO4 9AY","DHL"
"SH10697","HP27 9JW","UPS"
"SH10698","LE11 5DQ","Evri"
"SH10699","LL17 0SJ","Evri"
"SH10700","GL15 5ER","FedEx"
"SH10701","SA69 9AT","DHL"
"SH10702","CM9 4QH","Royal Mail"
"SH10703","KT7 0XB","UPS"
"SH10704","PO6 4TB","Evri"
"SH10705","SO16 4DT","Royal Mail"
"SH10706","M50 3TU","FedEx"
"SH10707","YO22 4TJ","Royal Mail"
"SH10708","DA3 7DG","Royal Mail"
"SH10709","N16 5DP","UPS"
"SH10710","BS22 8XG","UPS"
"SH10711","EN6 2BP","FedEx"
"SH10712","NE34 7DQ","UPS"
"SH10713","WN7 2TP","Evri"
"SH10714","EH11 1JA","Evri"
"SH10715","ML3 0DR","FedEx"
"SH10716","DE24 8ZS","Royal Mail"
"SH10717","BT23 6NJ","FedEx"
"SH10718","W3 6BJ","DHL"
"SH10719","CO4 5RF","Royal Mail"
"SH10720","HG3 1NX","UPS"
"SH10721","WA5 7ZB","Royal Mail"
"SH10722","KY1 4DT","Evri"
"SH10723","S17 3LW","Royal Mail"
"SH10724","HA3 7HE","Royal Mail"
"SH10725","PE28 0QF","Evri"
"SH10726","WF15 6LG","FedEx"
"SH10727","GL50 2WX","FedEx"
"SH10728","OL13 8BZ","DHL"
"SH10729","DY5 4TE","UPS"
"SH10730","S60 5JF","FedEx"
"SH10731","BN43 5JT","UPS"
"SH10732","EH23 4UW","Royal Mail"
"SH10733","BA7 7EJ","Royal Mail"
"SH10734","RM10 9HX","UPS"
"SH10735","LE8 4BQ","Evri"
"SH10736","LN8 3LX","Evri"
"SH10737","IV2 4LN","UPS"
"SH10738","IG9 5DU","FedEx"
"SH10739","DL7 0EZ","Royal Mail"
"SH10740","MK43 9DE","DHL"
"SH10741","PE24 5TR","Royal Mail"
"SH10742","YO17 9FH","UPS"
"SH10743","SA43 2DT","DHL"
"SH10744","SL4 6QT","FedEx"
"SH10745","BH24 1RT","Royal Mail"
"SH10746","CO10 9BN","FedEx"
"SH10747","SS3 0EW","Evri"
"SH10748","EX15 1HZ","FedEx"
"SH10749","BT20 3GS","Royal Mail"
"SH10750","DE12 7GZ","DHL"
"SH10751","BR2 0BL","DHL"
"SH10752","LE2 4JQ","UPS"
"SH10753","CA2 5TE","FedEx"
"SH10754","TR1 3PN","DHL"
"SH10755","TW16 6HJ","DHL"
"SH10756","JE4 8WN","Royal Mail"
"SH10757","IG6 1EY","Evri"
"SH10758","CT3 1AZ","DHL"
"SH10759","SW4 6HE","DHL"
"SH10760","TQ3 1ET","Evri"
"SH10761","SO18 1QT","DHL"
"SH10762","BS31 1JS","FedEx"
"SH10763","SW11 5UH","Evri"
"SH10764","LE65 2GS","UPS"
"SH10765","G33 2HJ","Evri"
"SH10766","CM6 2PX","DHL"
"SH10767","OL2 6AB","DHL"
"SH10768","S42 7HA","Royal Mail"
"SH10769","OL15 9PA","Royal Mail"
"SH10770","S65 4DJ","FedEx"
"SH10771","DH2 1JR","Royal Mail"
"SH10772","BL8 3PD","UPS"
"SH10773","LS22 6UD","Evri"
"SH10774","BT6 9BY","UPS"
"SH10775","DT10 2RZ","UPS"
"SH10776","TQ14 8LH","UPS"
"SH10777","M13 0HX","FedEx"
"SH10778","RM14 3RX","DHL"
"SH10779","SW13 9JJ","FedEx"
"SH10780","DA17 6DE","Royal Mail"
"SH10781","BD13 1PX","Royal Mail"
"SH10782","GL14 9BE","Evri"
"SH10783","TR14 8PZ","DHL"
"SH10784","TW3 3PW","Evri"
"SH10785","TA18 7HE","UPS"
"SH10786","WD6 4NP","Royal Mail"
"SH10787","CT1 3ZU","Royal Mail"
"SH10788","SS4 1FT","FedEx"
"SH10789","SR4 9QE","Evri"
"SH10790","SA18 3LR","Evri"
"SH10791","TS19 8AP","Evri"
"SH10792","PL28 8PA","Royal Mail"
"SH10793","TQ13 9QF","UPS"
"SH10794","CM7 4RE","Evri"
"SH10795","PO33 4EL","UPS"
"SH10796","M22 8AR","Evri"
"SH10797","L1 5DX","UPS"
"SH10798","E8 1EP","DHL"
"SH10799","NW5 3AU","DHL"
"SH10800","YO26 6HB","UPS"
"SH10801","BA2 4AZ","Royal Mail"
"SH10802","NE28 9QH","DHL"
"SH10803","LL40 1UT","Royal Mail"
"SH10804","BT39 0UB","Evri"
"SH10805","NG6 8HD","Royal Mail"
"SH10806","SW16 6JQ","Royal Mail"
"SH10807","WR2 6QA","DHL"
"SH10808","RG31 6NH","Royal Mail"
"SH10809","DN14 9FB","Royal Mail"
"SH10810","B13 9EP","DHL"
"SH10811","SE14 5PJ","Evri"
"SH10812","SW7 9BG","FedEx"
"SH10813","IP8 3GS","UPS"
"SH10814","LS14 3JE","DHL"
"SH10815","NR20 4AT","UPS"
"SH10816","KT7 0PD","Royal Mail"
"SH10817","TF13 6EF","DHL"
"SH10818","WV99 2DA","Evri"
"SH10819","LE4 4DG","UPS"
"SH10820","HP15 7EZ","Royal Mail"
"SH10821","DN14 9AA","UPS"
"SH10822","TN12 9RT","Evri"
"SH10823","EH10 6JD","DHL"
"SH10824","SN14 0YU","UPS"
"SH10825","LE3 5EU","UPS"
"SH10826","BT3 9JB","Royal Mail"
"SH10827","IP17 3NJ","UPS"
"SH10828","TS14 8HA","UPS"
"SH10829","BD7 2RA","DHL"
"SH10830","CB8 8TN","Royal Mail"
"SH10831","LL58 8BT","Royal Mail"
"SH10832","CO10 0BT","Royal Mail"
"SH10833","SW2 2PU","FedEx"
"SH10834","LE18 2HS","FedEx"
"SH10835","DN36 4QL","FedEx"
"SH10836","E14 5DQ","UPS"
"SH10837","EX17 3NA","Evri"
"SH10838","OL16 3HN","DHL"
"SH10839","PE22 7HQ","FedEx"
"SH10840","HU9 3QJ","DHL"
"SH10841","B7 5BS","Royal Mail"
"SH10842","IV52 8TU","Evri"
"SH10843","YO17 9AG","Royal Mail"
"SH10844","N21 3PZ","DHL"
"SH10845","WA9 4AP","FedEx"
"SH10846","SA11 3EL","UPS"
"SH10847","CB24 5JE","Evri"
"SH10848","BT20 3FD","Royal Mail"
"SH10849","CH46 9PS","FedEx"
"SH10850","ST1 2EW","UPS"
"SH10851","TA24 8LZ","Evri"
"SH10852","LL33 0UF","Royal Mail"
"SH10853","HP5 1QG","Royal Mail"
"SH10854","BN7 1TX","FedEx"
"SH10855","NE26 4BW","UPS"
"SH10856","G60 5JL","UPS"
"SH10857","SK7 0AF","Evri"
"SH10858","LA3 2FT","DHL"
"SH10859","SM5 4AG","FedEx"
"SH10860","PO4 8EL","UPS"
"SH10861","NG7 1SA","FedEx"
"SH10862","S64 8QQ","UPS"
"SH10863","BT48 8ET","FedEx"
"SH10864","PL27 7LH","Evri"
"SH10865","CH63 2JQ","UPS"
"SH10866","DD3 7LQ","UPS"
"SH10867","KY11 1JN","UPS"
"SH10868","UB2 4UD","FedEx"
"SH10869","B68 9JS","FedEx"
"SH10870","N1 9FQ","DHL"
"SH10871","DN39 6AH","Evri"
"SH10872","DN33 2NU","UPS"
"SH10873","ML11 7JH","FedEx"
"SH10874","SM1 4BF","FedEx"
"SH10875","CT9 2UB","DHL"
"SH10876","RG17 7DZ","FedEx"
"SH10877","CB7 5DE","Royal Mail"
"SH10878","LS26 8RU","DHL"
"SH10879","NG4 4DW","Royal Mail"
"SH10880","IM2 1HF","FedEx"
"SH10881","SL5 8HH","Evri"
"SH10882","CV2 5ET","DHL"
"SH10883","SK11 8BH","DHL"
"SH10884","CR0 7NE","Royal Mail"
"SH10885","CR0 5PN","FedEx"
"SH10886","B90 1NE","Evri"
"SH10887","WN6 9HZ","DHL"
"SH10888","AB42 0NS","DHL"
"SH10889","WV10 9QU","DHL"
"SH10890","BT28 2RL","UPS"
"SH10891","HD2 1EA","DHL"
"SH10892","W1K 4HU","DHL"
"SH10893","WA8 8PE","UPS"
"SH10894","GL3 4LL","Evri"
"SH10895","BD10 0DD","FedEx"
"SH10896","BA12 8HJ","FedEx"
"SH10897","W1W 7SA","Royal Mail"
"SH10898","PA77 6XB","Royal Mail"
"SH10899","DL9 4BY","Royal Mail"
"SH10900","HR8 2HP","Evri"
"SH10901","EX16 8RY","DHL"
"SH10902","WF14 8PG","Royal Mail"
"SH10903","SW6 3SD","FedEx"
"SH10904","SO45 4HF","Royal Mail"
"SH10905","MK5 6LL","FedEx"
"SH10906","KA18 3AD","Royal Mail"
"SH10907","GU22 9DF","Royal Mail"
"SH10908","BS39 5QH","Royal Mail"
"SH10909","BS37 6PG","Evri"
"SH10910","EH46 7AQ","DHL"
"SH10911","CA19 1XL","UPS"
"SH10912","IG3 8JS","DHL"
"SH10913","CB11 3LW","FedEx"
"SH10914","GU9 8SU","Royal Mail"
"SH10915","N1 8AF","UPS"
"SH10916","NR14 8JP","Evri"
"SH10917","LS12 6BY","Royal Mail"
"SH10918","SO51 0PT","Evri"
"SH10919","DL14 8SQ","DHL"
"SH10920","BT36 7DG","FedEx"
"SH10921","SO16 3DH","UPS"
"SH10922","CR8 2BY","DHL"
"SH10923","PH26 3NQ","DHL"
"SH10924","TQ12 5UF","FedEx"
"SH10925","OX11 8JP","UPS"
"SH10926","B15 3LA","DHL"
"SH10927","PO38 2JB","Royal Mail"
"SH10928","DE7 5AW","DHL"
"SH10929","N14 4HR","FedEx"
"SH10930","CB25 9QU","UPS"
"SH10931","EC1R 1XG","FedEx"
"SH10932","DG2 8DU","Evri"
"SH10933","TW20 9SU","FedEx"
"SH10934","BT46 5UE","Evri"
"SH10935","NE24 4LA","DHL"
"SH10936","LL19 8LR","DHL"
"SH10937","BH23 7LS","Evri"
"SH10938","PO20 1LY","UPS"
"SH10939","NE7 7GE","Royal Mail"
"SH10940","RH11 6DE","DHL"
"SH10941","RG7 1SH","Evri"
"SH10942","L17 9QN","DHL"
"SH10943","B16 9HN","Royal Mail"
"SH10944","IV31 6HA","DHL"
"SH10945","SK13 8PA","Royal Mail"
"SH10946","SN3 1DY","FedEx"
"SH10947","BT10 0BY","Royal Mail"
"SH10948","PO9 3LD","UPS"
"SH10949","TN14 7AF","Royal Mail"
"SH10950","AB15 4ST","Evri"
"SH10951","DD8 2TA","UPS"
"SH10952","BN16 2PT","Evri"
"SH10953","PO4 0RE","DHL"
"SH10954","DN22 7GG","UPS"
"SH10955","EH22 3BY","UPS"
"SH10956","NE48 3JE","DHL"
"SH10957","W1J 7LG","FedEx"
"SH10958","SW18 4EP","Evri"
"SH10959","S42 6NG","Evri"
"SH10960","G12 8FA","Evri"
"SH10961","HU11 5QD","UPS"
"SH10962","G84 9AE","Royal Mail"
"SH10963","EX1 4DB","Royal Mail"
"SH10964","OX14 3DW","UPS"
"SH10965","PA33 1AR","Evri"
"SH10966","SR3 2DJ","DHL"
"SH10967","BD13 2DN","Evri"
"SH10968","B7 5LQ","Royal Mail"
"SH10969","LS19 6LW","UPS"
"SH10970","TA1 4AA","DHL"
"SH10971","HA8 0AF","Evri"
"SH10972","G81 3RX","DHL"
"SH10973","DD2 2TQ","Royal Mail"
"SH10974","BS22 6BL","Royal Mail"
"SH10975","BN27 3PQ","Evri"
"SH10976","KW15 1QW","DHL"
"SH10977","NE7 7BQ","DHL"
"SH10978","L23 5RS","Evri"
"SH10979","OX15 5AW","Evri"
"SH10980","KT12 5QZ","Royal Mail"
"SH10981","SA31 3BQ","Evri"
"SH10982","WV4 6AG","UPS"
"SH10983","NN1 5QR","UPS"
"SH10984","DG11 3EY","FedEx"
"SH10985","LS25 6DA","UPS"
"SH10986","NN1 3HB","UPS"
"SH10987","RG2 0FB","UPS"
"SH10988","LN2 3SB","FedEx"
"SH10989","SG8 5PN","Royal Mail"
"SH10990","L25 5LJ","Royal Mail"
"SH10991","GU2 8YT","DHL"
"SH10992","NR32 2RB","FedEx"
"SH10993","SW19 2NE","DHL"
"SH10994","CB6 3GF","DHL"
"SH10995","FK5 4HP","FedEx"
"SH10996","M40 7FZ","Royal Mail"
"SH10997","DE13 9RD","Royal Mail"
"SH10998","BB5 5YJ","Royal Mail"
"SH10999","SK14 5PG","Evri"
"SH11000","NE38 7AU","DHL"
